Season,Name,Team,Level,Age,G,PA,AVG,BB%,K%,ISO,BABIP,wRAA,wOBA,wRC+,LD%,GB%,FB%,Pull%,Cent%,Oppo%,SwStr%,Pitches,PlayerId
2021,"Christian Bethancourt","PIT","AAA",29,57,226,0.28292683,0.07964602,0.19469027,0.14146341,0.33333333,1.505370605704719,0.34153158553933677,105.15906527507077,0.20125786,0.4591195,0.33962264,0.4382716,0.21604938,0.34567901,0.15876777,844,"10028"
2021,"Tomas Telis","MIN","AAA",30,48,208,0.28571429,0.05288462,0.15865385,0.12244898,0.3164557,-2.0115320990236283,0.3222986259139501,92.509692234109,0.21604938,0.47530864,0.30864198,0.34146341,0.31707317,0.34146341,0.10353866,763,"10067"
2021,"Wilfredo Tovar","NYM","AAA",29,48,196,0.28654971,0.1122449,0.10714286,0.11695906,0.30612245,2.8195304903219767,0.35062819323977645,111.14183581332246,0.2147651,0.44966443,0.33557047,0.48026316,0.125,0.39473684,0.06711409,745,"10416"
2021,"Cheslor Cuthbert","CIN","AAA",28,56,212,0.21468927,0.14150943,0.17924528,0.18079096,0.22900763,0.32303355659315747,0.33548181827338236,101.18017879849099,0.15217391,0.44202899,0.4057971,0.43884892,0.23021583,0.33093525,0.10558252,824,"10473"
2021,"Derek Dietrich","NYY","AAA",31,48,189,0.21232877,0.16931217,0.32275132,0.15753424,0.3164557,3.7831327804442134,0.3572597475278945,115.50335924318867,0.20238095,0.29761905,0.5,0.44705882,0.32941176,0.22352941,0.15555556,855,"10542"
2021,"Rob Brantly","NYY","AAA",31,34,133,0.27027027,0.11278195,0.15037594,0.20720721,0.28235294,5.655681178840426,0.38376533172347327,132.93588282192812,0.2247191,0.41573034,0.35955056,0.54945055,0.18681319,0.26373626,0.09325397,504,"10655"
2021,"Ryan LaMarre","NYY","AAA",32,31,134,0.31034483,0.08955224,0.23134328,0.17241379,0.40243902,6.775801278579708,0.3932356460770564,139.1644374181498,0.22352941,0.44705882,0.32941176,0.38823529,0.25882353,0.35294118,0.11066398,497,"10700"
2021,"Christian Colon","TOR","AAA",32,55,236,0.29951691,0.09745763,0.13135593,0.1884058,0.31137725,9.772797565770812,0.3824537222163152,132.07324710369912,0.20114943,0.41954023,0.37931034,0.51396648,0.19553073,0.29050279,0.06616052,922,"11145"
2021,"Matt Szczur","STL","AAA",31,30,112,0.18627451,0.0625,0.25892857,0.19607843,0.20289855,-6.383049512382443,0.26657181598923424,55.858588043672675,0.1369863,0.4109589,0.45205479,0.48,0.2,0.32,0.1286031,451,"11255"
2021,"Adrian Sanchez","WSN","AAA",30,35,131,0.34453782,0.06870229,0.12977099,0.15966386,0.37755102,6.8898330504081935,0.39562445001084673,140.73553581739696,0.27,0.47,0.26,0.43809524,0.28571429,0.27619048,0.10755149,437,"11338"
2021,"Tony Wolters","CHC","AAA",29,32,120,0.27272727,0.13333333,0.24166667,0.13131313,0.35820896,3.2875079080722807,0.36594994629130645,121.21883767706454,0.18571429,0.44285714,0.37142857,0.53521127,0.21126761,0.25352113,0.07984032,501,"11470"
2021,"Andrew Romine","CHC","AAA",35,44,174,0.30718954,0.09770115,0.16666667,0.09150327,0.37398374,3.154920690398636,0.35504007270169813,114.04349578727371,0.24590164,0.51639344,0.23770492,0.32539683,0.26984127,0.4047619,0.10296412,641,"1159"
2021,"Yolmer Sanchez","ATL","AAA",29,54,194,0.17751479,0.10309278,0.27835052,0.07692308,0.24778761,-13.501168302973799,0.2517310141896208,46.097904204743585,0.16216216,0.41441441,0.42342342,0.42735043,0.24786325,0.32478632,0.13447433,818,"11602"
2021,"Brandon Drury","NYM","AAA",28,40,171,0.26490066,0.0994152,0.16959064,0.20529802,0.28205128,2.6601777963540854,0.3520074891068085,112.04898834188681,0.18181818,0.46280992,0.3553719,0.504,0.232,0.264,0.08124077,677,"11615"
2021,"Mason Williams","NYM","AAA",29,35,128,0.29565217,0.078125,0.21875,0.13043479,0.37209302,1.716589781282576,0.3494805791415274,110.38705864337209,0.26436782,0.3908046,0.34482759,0.40909091,0.29545455,0.29545455,0.0960334,479,"11859"
2021,"Orlando Calixte","NYM","AAA",29,39,146,0.2248062,0.09589041,0.17123288,0.1007752,0.25961538,-6.403963699655794,0.28203277670103927,66.02714573965672,0.14150943,0.51886792,0.33962264,0.32407407,0.26851852,0.40740741,0.10404624,519,"11905"
2021,"Nick Martini","CHC","AAA",31,44,178,0.25342466,0.14606742,0.24157303,0.19178082,0.3125,5.83854021958687,0.37231496801484104,125.4050646417663,0.17821782,0.4950495,0.32673267,0.38834951,0.30097087,0.31067961,0.08672087,738,"12005"
2021,"Jake Hager","NYM","AAA",28,27,119,0.27777778,0.08403361,0.16806723,0.22222222,0.29761905,2.6777090709839078,0.36018640053372425,117.42819693604832,0.17241379,0.47126437,0.35632184,0.46067416,0.24719101,0.29213483,0.11297071,478,"12198"
2021,"Beau Taylor","CIN","AAA",31,48,153,0.19047619,0.1372549,0.22875817,0.11904762,0.23333333,-5.77261867982393,0.2892555251026785,70.77749309611605,0.19354839,0.51612903,0.29032258,0.43617021,0.20212766,0.36170213,0.10776545,631,"12384"
2021,"T.J. Rivera","PIT","AAA",32,49,188,0.24852071,0.06914894,0.20744681,0.13017751,0.29457364,-5.310085453749581,0.30042474756958665,78.12340679391868,0.20610687,0.38931298,0.40458015,0.52238806,0.20149254,0.2761194,0.12049861,722,"12495"
2021,"Breyvic Valera","TOR","AAA",29,41,180,0.31333333,0.13333333,0.10555556,0.14666667,0.33333333,7.596381696757108,0.38338636888398064,132.686641809688,0.25373134,0.37313433,0.37313433,0.48148148,0.21481481,0.3037037,0.04078947,760,"12758"
2021,"Socrates Brito","NYY","AAA",28,62,244,0.26484018,0.07786885,0.21311475,0.13242009,0.31097561,-2.9666175175178573,0.3193693117040103,90.58310428730078,0.23952096,0.35329341,0.40718563,0.38596491,0.26315789,0.35087719,0.11615044,904,"12944"
2021,"Charles Tilson","PHI","AAA",28,28,112,0.29787234,0.08928571,0.20535714,0.09574468,0.38356164,0.9547583011294192,0.3437263513052905,106.60254622921556,0.21126761,0.66197183,0.12676056,0.42666667,0.21333333,0.36,0.08515815,411,"12983"
2021,"Mikie Mahtook","CHW","AAA",31,51,199,0.21590909,0.09045226,0.27135678,0.27272727,0.21621622,-1.0330042687411332,0.32757428515381015,95.97945367809919,0.21311475,0.41803279,0.36885246,0.512,0.224,0.264,0.13857678,801,"13130"
2021,"Marco Hernandez","CHW","AAA",28,64,248,0.28017241,0.03629032,0.1733871,0.12068966,0.32275132,-4.966758165861313,0.31010247073192826,84.48837260531829,0.19473684,0.45789474,0.34736842,0.44041451,0.25906736,0.30051813,0.14139111,877,"13154"
2021,"Blake Swihart","WSN","AAA",29,45,144,0.2016129,0.13194444,0.22916667,0.14516129,0.23863636,-4.5816116959452655,0.2962186680071884,75.35709986762981,0.2967033,0.2967033,0.40659341,0.34065934,0.26373626,0.3956044,0.11090909,550,"13176"
2021,"Orlando Arcia","ATL","AAA",26,51,229,0.30348259,0.10917031,0.10917031,0.24875622,0.29090909,13.016915130359296,0.40062739989643015,144.02593836805013,0.20338983,0.38418079,0.41242938,0.4494382,0.21910112,0.33146067,0.09919262,867,"13185"
2021,"Deven Marrero","MIA","AAA",30,43,150,0.2519084,0.09333333,0.25333333,0.14503816,0.31460674,-1.401646471970082,0.3226831466162286,92.762588610945,0.19565217,0.43478261,0.36956522,0.44210526,0.18947368,0.36842105,0.10361842,608,"13325"
2021,"Bubba Starling","KCR","AAA",28,27,105,0.25773196,0.06666667,0.23809524,0.29896907,0.27272727,2.480669590173844,0.36150967847733273,118.2985068972613,0.23287671,0.36986301,0.39726027,0.57534247,0.26027397,0.16438356,0.14285714,392,"13356"
2021,"Dwight Smith Jr.","CIN","AAA",28,36,147,0.22047244,0.13605442,0.23129252,0.06299213,0.29347826,-5.540752551885483,0.28929949779899755,70.80641360810125,0.23913043,0.43478261,0.32608696,0.35483871,0.17204301,0.47311828,0.11034483,580,"13473"
2021,"Humberto Arteaga","WSN","AAA",27,32,125,0.23529412,0.048,0.232,0.05882353,0.30337079,-8.198948852357589,0.25644400691986086,49.19760411288753,0.23333333,0.47777778,0.28888889,0.36666667,0.25555556,0.37777778,0.11060948,443,"13595"
2021,"Matt Reynolds","CHW","AAA",30,56,235,0.26767677,0.13617021,0.2893617,0.11616161,0.38931298,1.4350606794127574,0.3408788297420893,104.72975269162757,0.26315789,0.39849624,0.33834586,0.32330827,0.27067669,0.40601504,0.10980392,1020,"13788"
2021,"Seth Mejias-Brean","BAL","AAA",30,49,187,0.21301775,0.0855615,0.21390374,0.12426036,0.25,-8.321010591871998,0.28128542438630133,65.5356177374002,0.16260163,0.49593496,0.34146341,0.38461538,0.20769231,0.40769231,0.11181703,787,"13905"
2021,"Sherman Johnson","MIN","AAA",30,28,102,0.23863636,0.1372549,0.30392157,0.15909091,0.34545455,-0.06849493671987854,0.3328965861423343,99.47989104974828,0.25454545,0.32727273,0.41818182,0.45614035,0.24561404,0.29824561,0.10769231,455,"13906"
2021,"Tim Lopes","MIL","AAA",27,53,229,0.22815534,0.07860262,0.25327511,0.17961165,0.27777778,-5.450144243607554,0.3056598107887668,81.56646854012128,0.23129252,0.40816327,0.36054422,0.41059603,0.2781457,0.31125828,0.12554585,916,"14137"
2021,"Andrew Velazquez","NYY","AAA",26,61,236,0.27184466,0.1059322,0.26694915,0.17961165,0.35971223,3.7213599980283356,0.35225700695290524,112.21309435454066,0.18309859,0.42957746,0.38732394,0.34693878,0.30612245,0.34693878,0.14146868,926,"14196"
2021,"Anthony Alford","PIT","AAA",26,47,188,0.30263158,0.17553191,0.34574468,0.23026316,0.47435897,14.229325250540262,0.42282061711434393,158.62225058605821,0.24137931,0.43678161,0.32183908,0.43181818,0.30681818,0.26136364,0.16969697,825,"14329"
2021,"Nick Williams","CHW","AAA",27,35,134,0.26829268,0.05223881,0.25373134,0.17073171,0.34117647,0.13973824688674846,0.33491546632652,100.80769337826052,0.24418605,0.38372093,0.37209302,0.51111111,0.22222222,0.26666667,0.14196242,479,"14330"
2021,"Dilson Herrera","TOR","AAA",27,45,166,0.20547945,0.10843373,0.29518072,0.16438356,0.26086957,-5.123953792241832,0.2973369051174945,76.09255601333078,0.21649485,0.36082474,0.42268041,0.47959184,0.28571429,0.23469388,0.15295815,693,"14335"
2021,"Joe Hudson","PIT","AAA",30,37,138,0.21666667,0.10869565,0.26086957,0.125,0.27380952,-5.8183629483565795,0.2840356091513251,67.34439359415583,0.25581395,0.31395349,0.43023256,0.55172414,0.24137931,0.20689655,0.09636364,550,"14412"
2021,"Renato Nunez","DET","AAA",27,61,254,0.26886792,0.11811024,0.23228346,0.28301887,0.29787234,13.990786255460446,0.39855405758685014,142.66231670886106,0.20915033,0.29411765,0.49673203,0.53503185,0.26751592,0.19745223,0.12677389,1057,"14503"
2021,"Franchy Cordero","BOS","AAA",26,44,191,0.32934132,0.12041885,0.29319372,0.21556886,0.46666667,12.775279743452012,0.4124554642971526,151.80516745558842,0.33636364,0.37272727,0.29090909,0.45454545,0.21818182,0.32727273,0.15605493,801,"14567"
2021,"Phillip Ervin","ATL","AAA",28,51,180,0.19333333,0.16111111,0.26111111,0.14666667,0.23469388,-4.336777316699423,0.30531423091888427,81.33918325617459,0.13861386,0.51485149,0.34653465,0.52884615,0.22115385,0.25,0.10824742,776,"14738"
2021,"JaCoby Jones","DET","AAA",29,41,180,0.22151899,0.11111111,0.32222222,0.14556962,0.32291667,-3.7019142253886947,0.3094677931732602,84.07094994355995,0.18181818,0.46464646,0.35353535,0.45,0.27,0.28,0.11938202,712,"14818"
2021,"Daniel Palka","WSN","AAA",29,53,213,0.28648649,0.12206573,0.19248826,0.23243243,0.31111111,9.259441125993972,0.38488130726165054,133.66985154863195,0.2260274,0.42465753,0.34931507,0.34931507,0.29452055,0.35616438,0.09048179,851,"14897"
2021,"Johan Camargo","ATL","AAA",27,54,234,0.31683168,0.12393162,0.17521368,0.19306931,0.36363636,13.297381596293734,0.400608549302228,144.01354047387517,0.2875,0.4,0.3125,0.46296296,0.22839506,0.30864198,0.10212766,940,"14950"
2021,"Zach Green","MIL","AAA",27,64,259,0.21145374,0.0965251,0.40926641,0.21145375,0.31531532,-4.139327688840742,0.3148663732075783,87.62155547051383,0.22580645,0.33064516,0.44354839,0.48387097,0.22580645,0.29032258,0.19661922,1124,"14973"
2021,"Dylan Cozens","MIL","AAA",27,31,100,0.17721519,0.19,0.43,0.15189873,0.35294118,-1.824715448557914,0.31219878610299556,85.86710347444209,0.08333333,0.41666667,0.5,0.40540541,0.21621622,0.37837838,0.18961625,443,"15115"
2021,"Ian Miller","CHC","AAA",29,59,231,0.27751196,0.07792208,0.20779221,0.07655503,0.34969325,-5.294149308887902,0.30669773848296256,82.24910578624213,0.2037037,0.59259259,0.2037037,0.35151515,0.19393939,0.45454545,0.0863388,915,"15156"
2021,"Ryan Cordell","PHI","AAA",29,57,226,0.19796954,0.10619469,0.38495575,0.21319797,0.27,-4.752731513039978,0.3089218440309035,83.71188329455879,0.16981132,0.29245283,0.53773585,0.46428571,0.29464286,0.24107143,0.15416667,960,"15181"
2021,"Dustin Peterson","MIL","AAA",26,33,138,0.25806452,0.08695652,0.10144928,0.12903225,0.26851852,-1.7467154325020509,0.3187815629053807,90.19654631842586,0.21621622,0.37837838,0.40540541,0.41441441,0.26126126,0.32432432,0.0867052,519,"15189"
2021,"Abiatal Avelino","CHC","AAA",26,56,228,0.27722772,0.0877193,0.1622807,0.09405941,0.3313253,-1.632497975018028,0.3252553879426965,94.45433240512024,0.16969697,0.56969697,0.26060606,0.41317365,0.28143713,0.30538922,0.12840909,880,"15496"
2021,"Joseph Odom","TBR","AAA",29,29,105,0.2173913,0.08571429,0.4,0.14130435,0.35416667,-3.0564696843960597,0.29940714779354277,77.45413906683481,0.24489796,0.46938776,0.28571429,0.43137255,0.31372549,0.25490196,0.17874396,414,"15535"
2021,"Tyler White","TOR","AAA",30,54,223,0.26737968,0.13452915,0.18834081,0.19786096,0.30215827,7.2684020557611735,0.3720711295914757,125.24469394277118,0.20689655,0.37241379,0.42068966,0.42176871,0.26530612,0.31292517,0.06767677,990,"15564"
2021,"Mike Ford","TBR","AAA",28,32,133,0.2173913,0.11278195,0.26315789,0.25217392,0.22222222,0.285656772432346,0.33768277818506415,101.66352340003205,0.17283951,0.37037037,0.45679012,0.37037037,0.27160494,0.35802469,0.05779335,571,"15585"
2021,"Rafael Bautista","WSN","AAA",28,48,171,0.24675325,0.05847953,0.16959064,0.13636363,0.28099174,-2.754201064888032,0.31471978180548726,87.52514340675637,0.21666667,0.44166667,0.34166667,0.42857143,0.23015873,0.34126984,0.10575428,643,"15769"
2021,"Travis Demeritte","ATL","AAA",26,36,135,0.32743363,0.16296296,0.32592593,0.38053097,0.44827586,16.443150912898496,0.47712546186660654,194.3381389663457,0.26086957,0.33333333,0.4057971,0.4057971,0.33333333,0.26086957,0.13870968,620,"15958"
2021,"Deivy Grullon","TBR","AAA",25,37,138,0.21311475,0.10144928,0.34057971,0.27868853,0.24242424,0.39450765854143643,0.33705397922059765,102.21417724122196,0.21621622,0.36486486,0.41891892,0.37662338,0.41558442,0.20779221,0.16865079,504,"15988"
2021,"Stevie Wilkerson","BAL","AAA",29,26,110,0.27777778,0.16363636,0.22727273,0.12222222,0.359375,2.6446216793016095,0.36200027290834197,118.62116716851061,0.30769231,0.47692308,0.21538462,0.53731343,0.19402985,0.26865672,0.10337079,445,"16041"
2021,"Mark Payton","CIN","AAA",29,35,151,0.28057554,0.07284768,0.15231788,0.16546763,0.30973451,0.41888680282256313,0.3369542725880941,102.14860093815881,0.1826087,0.45217391,0.36521739,0.39316239,0.22222222,0.38461538,0.08823529,544,"16042"
2021,"Taylor Gushue","CHC","AAA",27,45,175,0.25786164,0.08,0.28571429,0.17610062,0.32692308,-1.0779338357168609,0.3264335676601955,95.2292123532,0.24770642,0.33027523,0.42201835,0.38738739,0.27027027,0.34234234,0.15317919,692,"16098"
2021,"Michael Hermosillo","CHC","AAA",26,38,165,0.31343284,0.12121212,0.25454545,0.26119403,0.4,14.644021236845784,0.4382050254128196,168.74046033496336,0.20224719,0.41573034,0.38202247,0.4893617,0.17021277,0.34042553,0.117737,654,"16285"
2021,"Yairo Munoz","BOS","AAA",26,61,257,0.30290456,0.04669261,0.14785992,0.14107884,0.34,1.5666550682775766,0.3408662206493318,104.72145978605798,0.24,0.48,0.28,0.39901478,0.28571429,0.31527094,0.13452381,840,"16313"
2021,"Oscar Mercado","CLE","AAA",26,45,203,0.21637427,0.11330049,0.15763547,0.1754386,0.23529412,-1.9443490284030018,0.32240785614098655,92.58153213374199,0.1884058,0.38405797,0.42753623,0.54545455,0.20979021,0.24475524,0.10970996,793,"16375"
2021,"Richard Urena","TOR","AAA",25,51,190,0.26857143,0.06842105,0.21052632,0.20571428,0.31007752,1.319919663670365,0.34186840719646877,105.3805903482953,0.22900763,0.33587786,0.4351145,0.41605839,0.28467153,0.29927007,0.13086771,703,"16411"
2021,"Ryan McBroom","KCR","AAA",29,65,276,0.27016129,0.07971014,0.23913043,0.26209677,0.29518072,8.600635145064098,0.3703847354108637,124.13556516071358,0.22099448,0.38121547,0.39779006,0.47282609,0.25543478,0.27173913,0.13203883,1030,"16524"
2021,"Kevin Padlo","TBR","AAA",24,56,230,0.2184466,0.1,0.32608696,0.20873787,0.28099174,-3.869830566320215,0.3138731619156084,86.9683278661653,0.19379845,0.25581395,0.5503876,0.48120301,0.22556391,0.29323308,0.16129032,899,"16593"
2021,"Greg Allen","NYY","AAA",28,36,128,0.27184466,0.1171875,0.1875,0.09708738,0.34615385,3.424314620034883,0.3651922030711737,120.72047565440076,0.21794872,0.47435897,0.30769231,0.5443038,0.17721519,0.27848101,0.07602339,513,"16623"
2021,"John Nogowski","STL","AAA",28,36,148,0.1953125,0.10135135,0.20945946,0.1015625,0.23404255,-6.839667361763795,0.279263901467226,64.20607730200693,0.21875,0.4375,0.34375,0.51546392,0.24742268,0.2371134,0.08994709,567,"16852"
2021,"Lane Thomas","STL","AAA",25,30,127,0.26548673,0.09448819,0.27559055,0.1858407,0.34666667,1.2938089028051465,0.3456845856088353,107.89046221768623,0.25974026,0.4025974,0.33766234,0.46835443,0.2278481,0.30379747,0.08604207,523,"16939"
2021,"Derek Hill","DET","AAA",25,33,137,0.31967213,0.0729927,0.28467153,0.18852459,0.4375,5.680711182288863,0.38251835819500596,132.11575770124898,0.21428571,0.45238095,0.33333333,0.33333333,0.33333333,0.33333333,0.1369606,533,"16947"
2021,"Meibrys Viloria","KCR","AAA",24,47,186,0.24666667,0.15591398,0.31182796,0.16666666,0.36363636,3.7948311106050263,0.35771401364946626,115.80212665826957,0.16853933,0.46067416,0.37078652,0.44210526,0.30526316,0.25263158,0.12291933,781,"17109"
2021,"Chad Wallach","MIA","AAA",29,31,130,0.2038835,0.17692308,0.26923077,0.22330097,0.2295082,2.89194387886594,0.3598848833487584,117.22989134891138,0.1875,0.484375,0.328125,0.58823529,0.17647059,0.23529412,0.14889706,544,"17161"
2021,"Monte Harrison","MIA","AAA",25,26,111,0.26,0.08108108,0.37837838,0.18,0.4,0.05647191139305357,0.3342865270537299,100.39404474401022,0.20689655,0.44827586,0.34482759,0.38333333,0.25,0.36666667,0.17592593,432,"17216"
2021,"Alex Jackson","ATL","AAA",25,28,117,0.2815534,0.08547009,0.28205128,0.36893204,0.32258065,8.367993628352165,0.4179138705648225,155.39512024672018,0.27142857,0.21428571,0.51428571,0.33802817,0.26760563,0.3943662,0.14902808,463,"17276"
2021,"Bobby Bradley","CLE","AAA",25,26,109,0.19587629,0.06422018,0.32110092,0.28865979,0.18181818,-1.5788727680175718,0.31662917191829154,88.78093493796226,0.171875,0.453125,0.375,0.453125,0.234375,0.3125,0.2,430,"17278"
2021,"Michael Chavis","BOS","AAA",25,24,107,0.26315789,0.07476636,0.28037383,0.21052632,0.31147541,1.1118827346389324,0.34592477239180947,108.04843126023225,0.21538462,0.36923077,0.41538462,0.33823529,0.29411765,0.36764706,0.18639798,397,"17321"
2021,"Cole Tucker","PIT","AAA",24,34,147,0.22131148,0.15646259,0.17006803,0.13934426,0.26315789,-0.5426975806916934,0.32933975360831436,97.14058901598014,0.16842105,0.55789474,0.27368421,0.50515464,0.17525773,0.31958763,0.0749543,547,"17326"
2021,"Troy Stokes Jr.","PIT","AAA",25,53,151,0.17692308,0.11258278,0.21854305,0.16923077,0.20430108,-5.635077465078156,0.2897397007373785,71.09593177325965,0.10638298,0.4893617,0.40425532,0.43298969,0.22680412,0.34020619,0.12931034,580,"17478"
2021,"JT Riddle","MIN","AAA",29,64,256,0.19565217,0.07421875,0.1875,0.12173913,0.22222222,-15.84275794928066,0.26080813197528613,52.0678563724834,0.20441989,0.47513812,0.32044199,0.47567568,0.24864865,0.27567568,0.14209402,936,"17642"
2021,"Kevin Kramer","PIT","AAA",27,66,260,0.20276498,0.11923077,0.26153846,0.09677419,0.27516779,-9.33191884355124,0.2914342940083802,72.20071438345151,0.26666667,0.34666667,0.38666667,0.40789474,0.25657895,0.33552632,0.11342155,1058,"17689"
2021,"Christin Stewart","DET","AAA",27,55,217,0.26455026,0.10599078,0.25806452,0.26455027,0.31967213,7.963394054972694,0.3769040969615811,128.42330027013878,0.22137405,0.29770992,0.48091603,0.54135338,0.21804511,0.2406015,0.17793594,843,"17714"
2021,"Drew Jackson","NYM","AAA",27,61,226,0.25555556,0.16371681,0.24778761,0.17222222,0.33333333,7.029962356032237,0.37031914852559566,124.09242915905241,0.192,0.448,0.36,0.4488189,0.31496063,0.23622047,0.11681223,916,"17807"
2021,"Tyler Nevin","BAL","AAA",24,60,255,0.23660714,0.08627451,0.20784314,0.20535715,0.25,-1.6245683674917557,0.32618480920791626,95.0656057881543,0.19428571,0.38857143,0.41714286,0.50568182,0.19318182,0.30113636,0.10536981,987,"17893"
2021,"Hoy Park","NYY","AAA",25,48,223,0.32748538,0.20627803,0.20627803,0.23976608,0.39655172,22.30199313951009,0.45146208345343214,177.4595278028762,0.25806452,0.4516129,0.29032258,0.453125,0.2578125,0.2890625,0.07487685,1015,"18027"
2021,"Patrick Mazeika","NYM","AAA",27,28,117,0.30769231,0.06837607,0.1025641,0.20192307,0.30337079,4.5641159773469875,0.3796266510955289,130.21390366843534,0.26086957,0.33695652,0.40217391,0.53191489,0.21276596,0.25531915,0.05208333,480,"18142"
2021,"Lewin Diaz","MIA","AAA",24,46,201,0.22099448,0.06965174,0.20895522,0.29281767,0.20634921,0.9416100106355354,0.3392042065385598,103.62836559275723,0.15827338,0.28776978,0.55395683,0.33093525,0.30935252,0.35971223,0.13005051,792,"18365"
2021,"Trey Amburgey","NYY","AAA",26,38,161,0.31205674,0.09937888,0.24223602,0.26950354,0.37755102,9.75075139289805,0.4050096977502108,146.90814274058508,0.26923077,0.32692308,0.40384615,0.46226415,0.27358491,0.26415094,0.10749186,614,"18425"
2021,"Chris Gittens","NYY","AAA",27,24,104,0.35897436,0.24038462,0.19230769,0.35897436,0.41176471,16.438507652872712,0.5198284616837134,222.4235811019238,0.20689655,0.5,0.29310345,0.48275862,0.29310345,0.22413793,0.07777778,450,"18482"
2021,"Ali Sanchez","STL","AAA",24,43,167,0.25949367,0.05389222,0.19161677,0.11392405,0.30327869,-4.919307927279237,0.29899768343942607,77.18483743759612,0.224,0.48,0.296,0.42857143,0.26984127,0.3015873,0.09452736,603,"18551"
2021,"Ramon Urias","BAL","AAA",27,24,101,0.25842697,0.08910891,0.24752475,0.2247191,0.31666667,2.131313614928329,0.35853812396526336,116.34413782111017,0.21875,0.5,0.28125,0.55384615,0.24615385,0.2,0.10688836,421,"18795"
2021,"Jahmai Jones","BAL","AAA",23,45,198,0.26785714,0.14141414,0.22727273,0.19047619,0.33050847,5.762963197659955,0.3679636846287082,122.54325825157966,0.22764228,0.41463415,0.35772358,0.53225806,0.19354839,0.27419355,0.09673203,765,"18872"
2021,"Seby Zavala","CHW","AAA",27,33,141,0.1779661,0.13475177,0.42553191,0.16101695,0.28571429,-5.814472904228807,0.28512452003803657,68.06056210293785,0.16666667,0.28333333,0.55,0.40983607,0.21311475,0.37704918,0.21886121,562,"18887"
2021,"Estevan Florial","NYY","AAA",23,42,199,0.21301775,0.13065327,0.29145729,0.19526627,0.26666667,-1.975638149822926,0.3219959690715327,92.31063710282885,0.20720721,0.40540541,0.38738739,0.42982456,0.35964912,0.21052632,0.15602837,846,"19151"
2021,"Corey Ray","MIL","AAA",26,25,100,0.26315789,0.04,0.33,0.21052632,0.37288136,-0.06784328703136606,0.3328884440660477,99.47453606734912,0.24193548,0.29032258,0.46774194,0.40322581,0.25806452,0.33870968,0.22969188,357,"19170"
2021,"Will Craig","PIT","AAA",26,33,139,0.28688525,0.10071942,0.20143885,0.26229508,0.31034483,6.449631241476242,0.38833023118276666,135.9381828984524,0.16483516,0.3956044,0.43956044,0.53684211,0.23157895,0.23157895,0.11439114,542,"19267"
2021,"Zack Short","DET","AAA",26,28,124,0.22105263,0.18548387,0.25,0.23157895,0.25423729,4.911840123076003,0.3803356804193989,130.68022692753348,0.19047619,0.25396825,0.55555556,0.50769231,0.2,0.29230769,0.09665428,538,"19562"
2021,"Brent Rooker","MIN","AAA",26,61,265,0.23853211,0.14339623,0.30188679,0.30733945,0.2704918,11.652563916486082,0.38547058114534094,134.05741255449286,0.21428571,0.34285714,0.44285714,0.37588652,0.28368794,0.34042553,0.13790036,1124,"19627"
2021,"Daniel Johnson","CLE","AAA",25,49,215,0.21761658,0.09302326,0.33488372,0.20207254,0.29464286,-3.399346037271423,0.3150678069092507,87.75403690265453,0.23966942,0.29752066,0.46280992,0.4214876,0.28099174,0.29752066,0.19437939,854,"19643"
2021,"Edward Olivares","KCR","AAA",25,49,218,0.32307692,0.08715596,0.17889908,0.22564103,0.35862069,13.748503787824742,0.4079571673946996,148.84667138028738,0.21935484,0.44516129,0.33548387,0.3974359,0.25,0.3525641,0.08581645,839,"19698"
2021,"Jake Noll","WSN","AAA",27,64,262,0.325,0.0648855,0.14885496,0.21666667,0.35384615,12.884827864267367,0.3916023173405014,138.09020937994728,0.23880597,0.34328358,0.41791045,0.39215686,0.23039216,0.37745098,0.11334746,944,"19703"
2021,"Riley Adams","TOR","AAA",25,34,139,0.23893805,0.11510791,0.31654676,0.25663717,0.31746032,5.613043860503339,0.38124246048412735,131.27660936311648,0.24285714,0.32857143,0.42857143,0.44285714,0.28571429,0.27142857,0.12850082,607,"19864"
2021,"Emmanuel Rivera","KCR","AAA",25,44,193,0.28248588,0.06217617,0.22797927,0.31073446,0.3,9.594894644821315,0.3922332361572147,138.50515994536286,0.25,0.4469697,0.3030303,0.44776119,0.32089552,0.23134328,0.15020862,719,"19890"
2021,"Connor Wong","BOS","AAA",25,26,107,0.18811881,0.05607477,0.28037383,0.12871287,0.24637681,-8.150931507290279,0.2439782708604759,40.99898316652036,0.17142857,0.45714286,0.37142857,0.49295775,0.16901408,0.33802817,0.14141414,396,"19896"
2021,"Gavin Sheets","CHW","AAA",25,41,176,0.29192547,0.08522727,0.19886364,0.18012422,0.33613445,4.149686742504685,0.3614535531537099,118.2615936936058,0.216,0.456,0.328,0.43307087,0.26771654,0.2992126,0.10985915,710,"19901"
2021,"Jesus Sanchez","MIA","AAA",23,33,140,0.34883721,0.06428571,0.19285714,0.29457364,0.38709677,12.82794451863892,0.44159254839094425,170.96840874590728,0.16,0.47,0.37,0.40196078,0.20588235,0.39215686,0.12572534,517,"19913"
2021,"Cristian Pache","ATL","AAA",22,40,158,0.24647887,0.10126582,0.30379747,0.15492958,0.33707865,-1.470785443618813,0.3227250013924852,92.7901161828179,0.18681319,0.46153846,0.35164835,0.39361702,0.30851064,0.29787234,0.14580032,631,"19948"
2021,"Andres Gimenez","CLE","AAA",22,43,192,0.26470588,0.05729167,0.234375,0.22941177,0.30769231,3.005521234948591,0.3521219101003421,112.12424216964472,0.248,0.392,0.36,0.4496124,0.27131783,0.27906977,0.15352113,710,"19950"
2021,"Khalil Lee","NYM","AAA",23,49,190,0.25531915,0.21052632,0.29473684,0.16312057,0.3902439,10.251886671362255,0.3972297555521915,141.79133321065876,0.21428571,0.57142857,0.21428571,0.43023256,0.23255814,0.3372093,0.10060606,825,"19952"
2021,"Mickey Moniak","PHI","AAA",23,62,258,0.25751073,0.06589147,0.2751938,0.24034335,0.31168831,1.6935568338386022,0.3414176391620262,105.08412359883678,0.21686747,0.41566265,0.36746988,0.46706587,0.21556886,0.31736527,0.13682093,994,"19956"
2021,"Carter Kieboom","WSN","AAA",23,44,181,0.23648649,0.14364641,0.17127072,0.14864865,0.26785714,2.5837609251917284,0.35049813755309384,111.05629916534991,0.30434783,0.40869565,0.28695652,0.48717949,0.15384615,0.35897436,0.11049724,724,"19958"
2021,"Tres Barrera","WSN","AAA",26,37,138,0.22413793,0.12318841,0.21014493,0.12068966,0.26744186,-3.3704253120049565,0.30492541544577656,81.08346224083249,0.20224719,0.41573034,0.38202247,0.5,0.25555556,0.24444444,0.1342155,529,"19977"
2021,"Hunter Owen","PIT","AAA",27,55,196,0.2247191,0.07142857,0.3877551,0.17977528,0.32978723,-5.005379404678851,0.3036131950525137,80.22042474740222,0.18181818,0.33333333,0.48484848,0.50485437,0.26213592,0.23300971,0.19774718,799,"20034"
2021,"Isaac Paredes","DET","AAA",22,44,196,0.26060606,0.13265306,0.14795918,0.15151515,0.28148148,1.486612660639877,0.34261952218960745,105.87459303586553,0.16666667,0.48550725,0.34782609,0.42142857,0.27142857,0.30714286,0.04156479,818,"20036"
2021,"Jonathan Arauz","BOS","AAA",22,54,209,0.22651934,0.11483254,0.1722488,0.13259668,0.24475524,-5.843019462739002,0.3007640313874021,78.34655121172553,0.13422819,0.41610738,0.44966443,0.40939597,0.2885906,0.30201342,0.0760095,842,"20275"
2021,"Luis Gonzalez","CHW","AAA",25,40,163,0.24087591,0.13496933,0.25153374,0.18248175,0.28888889,1.7495133977201438,0.34632727099053656,108.31315156448761,0.18947368,0.47368421,0.33684211,0.43298969,0.22680412,0.34020619,0.09836066,671,"20332"
2021,"Luis Garcia","WSN","AAA",21,36,157,0.29787234,0.08917197,0.1656051,0.29787234,0.2815534,9.726250013412596,0.4066430440374241,147.98238232172366,0.1754386,0.51754386,0.30701754,0.40517241,0.22413793,0.37068966,0.12611012,563,"20391"
2021,"Scott Hurst","STL","AAA",25,44,188,0.18589744,0.15425532,0.25531915,0.08333333,0.25688073,-8.780951411582045,0.2786830654169651,63.82406579579593,0.2037037,0.51851852,0.27777778,0.5,0.2,0.3,0.11013767,799,"20501"
2021,"Vidal Brujan","TBR","AAA",23,52,231,0.26633166,0.12987013,0.14718615,0.2160804,0.28025478,6.854828391352667,0.36863341772038005,122.9837366740088,0.18012422,0.41614907,0.40372671,0.42857143,0.26785714,0.30357143,0.08286674,893,"20536"
2021,"Alejo Lopez","CIN","AAA",25,27,118,0.33980583,0.10169492,0.06779661,0.16504854,0.35106383,7.139814869739911,0.4049428458941185,146.86417477711697,0.28125,0.48958333,0.22916667,0.4375,0.17708333,0.38541667,0.06578947,456,"21127"
2021,"Lars Nootbaar","STL","AAA",23,32,123,0.30769231,0.13821138,0.19512195,0.21153846,0.35135135,7.2095237007648905,0.40271369765202203,145.398080726742,0.2875,0.4625,0.25,0.4125,0.2875,0.3,0.07916667,480,"21454"
2021,"Matt Vierling","PHI","AAA",24,27,114,0.19587629,0.11403509,0.14035088,0.11340206,0.20987654,-5.210289505560104,0.279864115673199,64.60083367563418,0.18072289,0.48192771,0.3373494,0.39759036,0.22891566,0.37349398,0.05197505,481,"21558"
2021,"Kyle Isbel","KCR","AAA",24,65,288,0.25403226,0.11111111,0.20138889,0.16129032,0.30054645,2.1472025956687704,0.3424673780694708,105.77452899116919,0.19892473,0.47311828,0.32795699,0.51308901,0.22513089,0.2617801,0.08514664,1057,"21614"
2021,"Rafael Marchan","PHI","AAA",22,40,151,0.2,0.09271523,0.16556291,0.01481481,0.24545455,-11.653784138598578,0.24280010114442432,40.22410979631742,0.19266055,0.52293578,0.28440367,0.44144144,0.14414414,0.41441441,0.08433735,581,"21646"
2021,"Sebastian Rivero","KCR","AAA",22,27,102,0.29032258,0.06862745,0.28431373,0.16129032,0.39344262,1.55690576613761,0.35166265999916757,111.82219682862564,0.265625,0.40625,0.328125,0.578125,0.09375,0.328125,0.13349515,412,"21735"
2021,"Jake Burger","CHW","AAA",25,42,185,0.32163743,0.06486486,0.24324324,0.2748538,0.38461538,11.689246151868026,0.40809681590484537,148.93851715617703,0.232,0.448,0.32,0.47244094,0.22834646,0.2992126,0.14553314,694,"22275"
2021,"Jose Barrero","CIN","AAA",23,23,105,0.28235294,0.11428571,0.26666667,0.22352941,0.34545455,4.352685367274093,0.38250552334831756,132.10731631901515,0.31034483,0.24137931,0.44827586,0.39344262,0.26229508,0.3442623,0.13118812,404,"23378"
2021,"Wander Franco","TBR","AAA",20,39,177,0.31481481,0.06779661,0.11864407,0.27160494,0.32592593,10.691037344310132,0.4048185284528355,146.7824121300301,0.15217391,0.47826087,0.36956522,0.46853147,0.26573427,0.26573427,0.07198748,639,"23667"
2021,"Jarren Duran","BOS","AAA",24,46,219,0.26984127,0.10958904,0.23744292,0.29100529,0.29268293,11.623034067790192,0.39618862219597106,141.10658762470968,0.25185185,0.36296296,0.38518519,0.42028986,0.25362319,0.32608696,0.14837153,829,"24617"
2021,"Ryan Jeffers","MIN","AAA",24,24,103,0.21686747,0.15533981,0.25242718,0.22891566,0.23636364,0.8185070080558586,0.34304572424842317,106.15490292772792,0.21666667,0.36666667,0.41666667,0.46666667,0.26666667,0.26666667,0.10176991,452,"24618"
2021,"Owen Miller","CLE","AAA",24,46,197,0.3045977,0.10152284,0.24873096,0.1954023,0.38655462,8.599667757355313,0.3850951448914968,133.81049095113718,0.26612903,0.46774194,0.26612903,0.45238095,0.1984127,0.34920635,0.11681643,779,"24655"
2021,"Cody Wilson","WSN","AAA",24,33,117,0.12745098,0.1025641,0.32478632,0.03921569,0.203125,-13.709095104795654,0.19570106060608575,9.247424707537267,0.140625,0.453125,0.40625,0.47692308,0.15384615,0.36923077,0.16,475,"24671"
2021,"Travis Snider","ATL","AAA",33,43,124,0.18,0.16935484,0.36290323,0.13,0.27777778,-4.270274885547045,0.2931321248775575,73.32710364166243,0.16363636,0.45454545,0.38181818,0.56140351,0.19298246,0.24561404,0.17132216,537,"2830"
2021,"Tyler Ladendorf","CHC","AAA",33,36,130,0.23728814,0.06923077,0.23846154,0.16101694,0.29761905,-2.2077351906218325,0.31368800355837895,86.84655060578176,0.25882353,0.34117647,0.4,0.49425287,0.26436782,0.24137931,0.13590264,493,"3211"
2021,"Juan Graterol","TOR","AAA",32,32,118,0.29906542,0.05932203,0.12711864,0.06542056,0.33333333,-1.234510426091335,0.321366963750225,91.89694502896474,0.23655914,0.46236559,0.30107527,0.5,0.13829787,0.36170213,0.1198044,409,"5398"
2021,"Ruben Tejada","PHI","AAA",31,55,211,0.22346369,0.12322275,0.17061611,0.02234637,0.27777778,-8.871027543498823,0.28417606150369507,67.43676805103678,0.19858156,0.4751773,0.32624113,0.44444444,0.23611111,0.31944444,0.09322034,826,"5519"
2021,"Alcides Escobar","KCR","AAA",34,35,133,0.27419355,0.04511278,0.21804511,0.17741935,0.31868132,-0.35194883763057366,0.3305710820537625,97.95042448310515,0.2,0.36842105,0.43157895,0.44791667,0.21875,0.33333333,0.15930902,521,"6310"
2021,"Cesar Puello","BOS","AAA",30,43,127,0.23300971,0.1023622,0.20472441,0.06796116,0.29487179,-1.7918431730496125,0.31707204749265055,89.07221087572292,0.24657534,0.43835616,0.31506849,0.425,0.2875,0.2875,0.1221374,524,"7216"
2021,"Sean Kazmar Jr.","ATL","AAA",36,52,174,0.21019108,0.08045977,0.18965517,0.17834395,0.21848739,-6.290554425073396,0.29111257435261517,71.99886043507105,0.13492063,0.34920635,0.51587302,0.48412698,0.17460317,0.34126984,0.08809892,647,"7349"
2021,"Jonathan Lucroy","ATL","AAA",35,31,114,0.21978022,0.14912281,0.1754386,0.10989011,0.25,-1.6308843081135387,0.31684005051328423,88.91962820547661,0.2027027,0.43243243,0.36486486,0.44594595,0.25675676,0.2972973,0.06694561,478,"7870"
2021,"Tim Beckham","CHW","AAA",31,45,182,0.27878788,0.07692308,0.24175824,0.26666667,0.30973451,5.638577368001335,0.37017213905250634,123.99574213314051,0.18487395,0.45378151,0.36134454,0.512,0.2,0.288,0.15086207,696,"7949"
2021,"Dee Strange-Gordon","CHC","AAA",33,50,228,0.25581395,0.04385965,0.14912281,0.13023256,0.28409091,-6.37795569256392,0.30091570705044113,78.33380332037468,0.16574586,0.48066298,0.35359116,0.37362637,0.27472527,0.35164835,0.07664671,835,"8203"
2021,"Ryan Lavarnway","CLE","AAA",33,32,123,0.25,0.07317073,0.31707317,0.27678571,0.30769231,2.490116311871139,0.35752857073408656,115.6801622461286,0.24657534,0.43835616,0.31506849,0.54794521,0.30136986,0.15068493,0.14455446,505,"8879"
2021,"Keon Broxton","MIN","AAA",31,60,213,0.19230769,0.12206573,0.43192488,0.14285715,0.32941176,-7.79621132642573,0.2905834370375799,71.6508507985854,0.26373626,0.37362637,0.36263736,0.39130435,0.25,0.35869565,0.18715393,903,"9253"
2021,"Chris Herrmann","BOS","AAA",33,39,151,0.24603175,0.13245033,0.29801325,0.23015873,0.32467532,3.2507939110105837,0.3590401779085198,116.67433492746471,0.15853659,0.42682927,0.41463415,0.39759036,0.3253012,0.27710843,0.13186813,637,"9284"
2021,"Jason Kipnis","ATL","AAA",34,36,146,0.26771654,0.10958904,0.21232877,0.19685039,0.31868132,3.912576449263844,0.3652463873771772,120.7561122653516,0.22105263,0.33684211,0.44210526,0.36458333,0.27083333,0.36458333,0.07438017,605,"9776"
2021,"Ryan Goins","ATL","AAA",33,54,206,0.25698324,0.12621359,0.28640777,0.08379888,0.37288136,-2.432585349153648,0.3197810173034668,90.85387996676015,0.32478632,0.47863248,0.1965812,0.36363636,0.23140496,0.40495868,0.12274368,831,"9807"
2021,"Brandon Snyder","WSN","AAA",34,52,190,0.21556886,0.09473684,0.31052632,0.21556886,0.26530612,-1.0815932219929305,0.3269835569356617,95.59093616739226,0.1682243,0.35514019,0.47663551,0.42592593,0.32407407,0.25,0.15483871,775,"9856"
2021,"Trayce Thompson","CHC","AAA",30,50,216,0.22527473,0.125,0.31481481,0.22527472,0.28846154,3.0415464003934107,0.35027004143706075,110.90628206360917,0.16071429,0.36607143,0.47321429,0.40517241,0.34482759,0.25,0.14377682,932,"9952"
2021,"Mason McCoy","BAL","AAA",26,61,264,0.22268908,0.08712121,0.28030303,0.12605042,0.30674847,-10.938585468827984,0.2848929493146251,67.90825977803043,0.20754717,0.46540881,0.32704403,0.47904192,0.22754491,0.29341317,0.11886051,1018,"sa3002758"
2021,"Evan Mendoza","STL","AAA",25,64,249,0.26818182,0.09236948,0.21686747,0.03181818,0.35119048,-7.355409559484507,0.2989000996597383,77.1206573188801,0.3030303,0.4969697,0.2,0.33333333,0.23214286,0.43452381,0.10964467,985,"sa3002836"
2021,"Zach Jarrett","BAL","AAA",26,48,197,0.23214286,0.1319797,0.31979695,0.19047619,0.32653061,1.5436948198227796,0.3429154115279919,106.06919723059005,0.25,0.52884615,0.22115385,0.46666667,0.21904762,0.31428571,0.17263427,782,"sa3002883"
2021,"Cullen Large","TOR","AAA",25,64,257,0.22123894,0.10116732,0.20233463,0.09734513,0.26744186,-10.045550971203516,0.28765603679627294,69.72552165456662,0.22857143,0.40571429,0.36571429,0.44632768,0.2259887,0.32768362,0.09922929,1038,"sa3003959"
2021,"Cole Peterson","DET","AAA",25,39,133,0.20512821,0.07518797,0.12781955,0.12820512,0.23300971,-7.6797645389819404,0.26568731642861404,55.276859328239624,0.16666667,0.54901961,0.28431373,0.42307692,0.24038462,0.33653846,0.08403361,476,"sa3003965"
2021,"Gabriel Arias","CLE","AAA",21,66,271,0.26778243,0.10332103,0.23616236,0.14644351,0.33727811,1.8629527054672987,0.341782932351876,105.32437418521215,0.22413793,0.47126437,0.3045977,0.38857143,0.25142857,0.36,0.1875,976,"sa3004047"
2021,"Rylan Bannon","BAL","AAA",25,32,135,0.1557377,0.08888889,0.19259259,0.15573771,0.16304348,-9.945251986734386,0.24693226328602544,42.941801790318124,0.17021277,0.41489362,0.41489362,0.51041667,0.22916667,0.26041667,0.08641975,567,"sa3004162"
2021,"Mark Contreras","MIN","AAA",26,42,165,0.2585034,0.05454545,0.32121212,0.29931973,0.32941176,5.693524554662054,0.37432334357244107,126.72595815629847,0.20652174,0.40217391,0.39130435,0.43157895,0.21052632,0.35789474,0.2114094,596,"sa3004164"
2021,"Bligh Madris","PIT","AAA",25,54,192,0.25595238,0.09375,0.21875,0.13095238,0.312,-2.2511081994418025,0.3198801098069595,90.91905236178702,0.20634921,0.46031746,0.33333333,0.4,0.26153846,0.33846154,0.13682864,782,"sa3004165"
2021,"Austin Listi","PHI","AAA",27,56,214,0.22105263,0.08878505,0.21495327,0.05263158,0.28275862,-11.895272075259541,0.26822773318424403,56.94767234128508,0.15172414,0.54482759,0.30344828,0.48630137,0.21917808,0.29452055,0.10877627,809,"sa3004170"
2021,"Drew Waters","ATL","AAA",22,56,254,0.25560538,0.0984252,0.31889764,0.1838565,0.36567164,3.2357527867324407,0.34868958850545206,109.86683004504351,0.25531915,0.56737589,0.17730496,0.45774648,0.21830986,0.32394366,0.16167665,1002,"sa3004378"
2021,"Jeter Downs","BOS","AAA",22,55,229,0.20098039,0.08296943,0.31441048,0.11764706,0.26771654,-12.382132970365856,0.2700117823847553,58.121028096210544,0.21052632,0.32330827,0.46616541,0.44444444,0.25185185,0.3037037,0.156708,887,"sa3004615"
2021,"Chris Sharpe","PIT","AAA",25,68,264,0.19823789,0.11742424,0.29166667,0.14096916,0.27702703,-9.501655253427675,0.29130275553170265,72.12394116765222,0.19333333,0.35333333,0.45333333,0.48026316,0.24342105,0.27631579,0.10998152,1082,"sa3004726"
2021,"Logan Warmoth","TOR","AAA",25,63,243,0.25490196,0.13168724,0.34979424,0.15686275,0.4,3.09012668253158,0.34866295791854546,109.84931530812094,0.26890756,0.41176471,0.31932773,0.45081967,0.26229508,0.28688525,0.16747338,1033,"sa3004813"
2021,"Jimmy Kerrigan","MIN","AAA",27,57,197,0.23668639,0.11675127,0.3248731,0.21893491,0.3125,2.08724114891076,0.34616466424404047,108.20620632904443,0.17924528,0.39622642,0.4245283,0.43396226,0.22641509,0.33962264,0.19186785,787,"sa3005235"
2021,"Alfonso Rivas","CHC","AAA",24,28,116,0.28421053,0.15517241,0.19827586,0.18947368,0.33823529,6.213521131265882,0.39676757722065364,141.48736199453066,0.19444444,0.51388889,0.29166667,0.43055556,0.27777778,0.29166667,0.08421053,475,"sa3007014"
2021,"Kody Clemens","DET","AAA",25,38,159,0.25531915,0.10062893,0.24528302,0.22695035,0.30612245,1.9392147497250174,0.34805028805942656,109.44636694500376,0.15686275,0.43137255,0.41176471,0.36538462,0.30769231,0.32692308,0.107739,659,"sa3008002"
2021,"Martin Cervenka","NYM","AAA",28,42,121,0.20560748,0.09917355,0.2892562,0.14953271,0.25714286,-5.215185583757663,0.2829302076465827,66.61737932979528,0.12328767,0.31506849,0.56164384,0.45945946,0.25675676,0.28378378,0.12262156,473,"sa492636"
2021,"Aderlin Rodriguez","DET","AAA",29,63,263,0.31330472,0.09505703,0.2661597,0.30042919,0.38356164,21.135158699854863,0.4283248197443132,162.24232330058845,0.25465839,0.38509317,0.36024845,0.48466258,0.27607362,0.2392638,0.16,975,"sa511026"
2021,"Drew Maggi","MIN","AAA",32,51,197,0.24418605,0.0964467,0.31472081,0.25,0.31,4.232698738730126,0.3589899443127782,116.64129666896987,0.20909091,0.43636364,0.35454545,0.52252252,0.27927928,0.1981982,0.14234017,829,"sa549144"
2021,"Damek Tomscha","MIN","AAA",29,50,193,0.24137931,0.08290155,0.25388601,0.18965517,0.29059829,-0.7620842171305839,0.32903733216419123,96.94168870438948,0.17886179,0.48780488,0.33333333,0.48387097,0.22580645,0.29032258,0.156,750,"sa550391"
2021,"Esteban Quiroz","TBR","AAA",29,32,127,0.28,0.17322835,0.20472441,0.26,0.33333333,9.999404101156681,0.42640955664041474,160.982669147266,0.12162162,0.47297297,0.40540541,0.43243243,0.22972973,0.33783784,0.09249564,573,"sa596560"
2021,"Jack Lopez","BOS","AAA",28,42,156,0.28776978,0.08974359,0.19230769,0.07913669,0.35135135,-1.6615173603526108,0.32114462554454803,91.75071486160381,0.25225225,0.38738739,0.36036036,0.43362832,0.2300885,0.33628319,0.13879599,598,"sa598270"
2021,"Angelo Castellano","KCR","AAA",26,36,130,0.24137931,0.04615385,0.22307692,0.0862069,0.29545455,-6.289276370004264,0.27671421272680163,62.52916617422621,0.21590909,0.46590909,0.31818182,0.59340659,0.20879121,0.1978022,0.12820513,429,"sa657521"
2021,"Ryan Ripken","BAL","AAA",27,29,105,0.17894737,0.08571429,0.2952381,0.08421052,0.25396825,-8.6282660687255,0.23691591563133094,36.35412519451462,0.203125,0.578125,0.21875,0.44615385,0.07692308,0.47692308,0.14651163,430,"sa658502"
2021,"Jacob Robson","DET","AAA",26,37,160,0.28358209,0.15625,0.34375,0.17910448,0.44594595,6.972888083075893,0.38500966541469095,133.75427174148228,0.25316456,0.49367089,0.25316456,0.4,0.275,0.325,0.15207373,651,"sa658804"
2021,"Trent Giambrone","CHC","AAA",27,28,107,0.18888889,0.12149533,0.30841121,0.05555555,0.27586207,-6.546743730547942,0.2616339559867003,52.610994620055706,0.18965517,0.36206897,0.44827586,0.50847458,0.27118644,0.22033898,0.10307018,456,"sa658813"
2021,"Tyler Krieger","CLE","AAA",27,36,111,0.18867925,0.03603604,0.33333333,0.10377358,0.26865672,-9.70434056392018,0.2307303188083408,32.28590463881233,0.22058824,0.36764706,0.41176471,0.4057971,0.28985507,0.30434783,0.13207547,424,"sa658994"
2021,"Zach Remillard","CHW","AAA",27,39,163,0.21428571,0.09815951,0.29447853,0.21428572,0.25882353,-0.8088023122187454,0.3278439637319541,96.15681925274517,0.20430108,0.40860215,0.38709677,0.54736842,0.15789474,0.29473684,0.12206573,639,"sa659077"
2021,"David Thompson","NYM","AAA",27,30,118,0.25490196,0.08474576,0.28813559,0.28431373,0.31147541,5.217765635695282,0.3857607679851985,134.24826625878134,0.234375,0.203125,0.5625,0.5,0.27941176,0.22058824,0.1257732,485,"sa659290"
2021,"Rayder Ascanio","STL","AAA",25,43,134,0.19166667,0.08208955,0.1641791,0.13333333,0.19354839,-8.457604416842074,0.25935883476183963,51.11466448432944,0.16326531,0.41836735,0.41836735,0.45544554,0.23762376,0.30693069,0.08221797,523,"sa735861"
2021,"Thomas Milone","NYY","AAA",26,29,103,0.29896907,0.04854369,0.25242718,0.15463918,0.39130435,1.2431528699816417,0.3479008761424463,109.34809984979528,0.27941176,0.45588235,0.26470588,0.43478261,0.24637681,0.31884058,0.10796915,389,"sa737640"
2021,"Jamie Westbrook","MIL","AAA",26,35,145,0.36507937,0.08275862,0.15172414,0.23809523,0.39795918,13.164617067216177,0.4406060231583459,170.31957851257252,0.23809524,0.39047619,0.37142857,0.39047619,0.22857143,0.38095238,0.10153257,522,"sa737824"
2021,"Ryan Boldt","TBR","AAA",26,59,241,0.25,0.10373444,0.28630705,0.17924528,0.32846715,0.40679164742507945,0.33567517402261127,101.30734742200238,0.17482517,0.48251748,0.34265734,0.35172414,0.23448276,0.4137931,0.12958963,926,"sa738262"
2021,"Narciso Crook","CIN","AAA",25,41,135,0.1754386,0.11111111,0.2962963,0.1491228,0.22857143,-4.761144373785652,0.2921546406216092,72.68421959074199,0.18055556,0.45833333,0.36111111,0.44594595,0.2972973,0.25675676,0.15300546,549,"sa738300"
2021,"Chris Okey","CIN","AAA",26,41,106,0.22680412,0.0754717,0.20754717,0.07216495,0.28378378,-5.554958945310421,0.2719727636508222,59.41075074129298,0.18918919,0.5,0.31081081,0.48,0.29333333,0.22666667,0.09865471,446,"sa738505"
2021,"Edgar Cabral","PHI","AAA",25,29,102,0.22093023,0.1372549,0.31372549,0.08139535,0.34545455,-3.0686320488757017,0.2982584845786001,76.69867190071746,0.2,0.49090909,0.30909091,0.50909091,0.25454545,0.23636364,0.13752914,429,"sa738507"
2021,"Michael De Leon","CIN","AAA",24,50,147,0.23571429,0.04081633,0.2585034,0.13571428,0.29292929,-6.919506028784544,0.27825407268238717,63.54192049745216,0.21782178,0.44554455,0.33663366,0.47572816,0.2038835,0.32038835,0.14928058,556,"sa823925"
2021,"Forrest Wall","TOR","AAA",25,29,121,0.26785714,0.04958678,0.32231405,0.08928572,0.4109589,-3.5089160799787122,0.2995366043403369,77.53928166500428,0.30985915,0.45070423,0.23943662,0.32432432,0.22972973,0.44594595,0.13097713,481,"sa828682"
2021,"Justin Twine","MIA","AAA",25,32,104,0.21649485,0.01923077,0.35576923,0.17525773,0.3,-5.784090110776904,0.2681913822889328,56.92376463055718,0.14285714,0.47619048,0.38095238,0.50793651,0.14285714,0.34920635,0.23955432,359,"sa828686"
2021,"Michael Gettys","BOS","AAA",25,40,148,0.17777778,0.05405405,0.37837838,0.13333333,0.25974026,-11.269128588223598,0.24401850998401642,41.02544813574089,0.2345679,0.34567901,0.41975309,0.49382716,0.2345679,0.27160494,0.21164021,567,"sa828692"
2021,"Marcus Wilson","BOS","AAA",24,61,255,0.24880383,0.16078431,0.3254902,0.215311,0.35897436,8.805077861888533,0.3743510271988663,126.7441654694006,0.26229508,0.41803279,0.31967213,0.496,0.232,0.272,0.14351852,1080,"sa828703"
2021,"Zack Zehner","NYY","AAA",28,44,145,0.21875,0.11724138,0.31034483,0.1171875,0.3125,-4.705181154058187,0.295473483102075,74.86699735439879,0.2345679,0.40740741,0.35802469,0.51807229,0.19277108,0.28915663,0.17491166,566,"sa829122"
2021,"Josh Ockimey","BOS","AAA",25,49,177,0.2244898,0.15819209,0.36158192,0.24489796,0.30136986,3.8884733318122295,0.35955873990463,117.01538925614985,0.26829268,0.2804878,0.45121951,0.34939759,0.31325301,0.3373494,0.15665796,766,"sa829375"
2021,"Tristan Gray","TBR","AAA",25,48,179,0.23602484,0.08938547,0.30167598,0.16149069,0.32038835,-3.344912308956556,0.3116812050009573,85.5266942724183,0.18691589,0.39252336,0.42056075,0.48148148,0.19444444,0.32407407,0.17337032,721,"sa829756"
2021,"Dalton Guthrie","PHI","AAA",25,29,115,0.33333333,0.03478261,0.2173913,0.17592593,0.41975309,4.788893680247467,0.3827273997298458,132.25324274810333,0.25,0.5125,0.2375,0.43373494,0.25301205,0.31325301,0.13501144,437,"sa829836"
2021,"Bryson Brigman","MIA","AAA",26,59,246,0.31838565,0.07723577,0.16260163,0.14798206,0.37222222,7.095149935596927,0.36765302061544036,122.33893686419212,0.19889503,0.45303867,0.3480663,0.35135135,0.27027027,0.37837838,0.08917955,841,"sa829857"
2021,"Gavin Collins","CLE","AAA",25,34,117,0.16326531,0.12820513,0.27350427,0.06122449,0.23076923,-7.350563566896055,0.25970167125392163,51.34014546930879,0.08064516,0.38709677,0.53225806,0.43076923,0.24615385,0.32307692,0.16352201,477,"sa857219"
2021,"Brett Sullivan","TBR","AAA",27,51,198,0.24,0.1010101,0.14646465,0.13714286,0.26760563,-2.4997142357948423,0.3188198819907025,90.22174849293594,0.16783217,0.29370629,0.53846154,0.47260274,0.24657534,0.28082192,0.07010014,699,"sa857232"
2021,"Errol Robinson","CIN","AAA",26,36,119,0.17647059,0.14285714,0.27731092,0.08823529,0.25,-6.837267838094078,0.26602477937185465,55.49880617051952,0.22058824,0.51470588,0.26470588,0.31884058,0.24637681,0.43478261,0.12240664,482,"sa857819"
2021,"Kramer Robertson","STL","AAA",26,69,259,0.25233645,0.15057915,0.18146718,0.1682243,0.28834356,4.624747134614069,0.3547155599336366,113.83006617790944,0.17857143,0.54761905,0.27380952,0.42352941,0.22352941,0.35294118,0.06899811,1058,"sa857820"
2021,"Anderson Miller","KCR","AAA",27,57,208,0.22346369,0.10096154,0.25961538,0.22346368,0.24347826,0.23710084292971098,0.3350297978534791,100.88288836452459,0.22834646,0.45669291,0.31496063,0.33858268,0.33858268,0.32283465,0.13653603,791,"sa857824"
2021,"Kyle Holder","NYY","AAA",27,31,112,0.20224719,0.13392857,0.19642857,0.04494382,0.26086957,-4.531670214432386,0.28603843504732307,68.6616371379491,0.17647059,0.57352941,0.25,0.37142857,0.24285714,0.38571429,0.08409091,440,"sa857840"
2021,"Connor Marabell","CLE","AAA",27,56,198,0.26630435,0.04545455,0.18686869,0.13043478,0.3125,-3.2244168658985433,0.31450957902754195,87.3868946190364,0.23129252,0.5170068,0.25170068,0.41216216,0.20945946,0.37837838,0.08940853,727,"sa858026"
2021,"Trenton Brooks","CLE","AAA",25,39,153,0.26086957,0.08496732,0.18300654,0.19565217,0.28571429,0.6824381330645222,0.33894012397841405,103.45468047710366,0.22522523,0.27927928,0.4954955,0.47747748,0.1981982,0.32432432,0.1187384,539,"sa873268"
2021,"Weston Wilson","MIL","AAA",26,62,213,0.26595745,0.11267606,0.23943662,0.29255319,0.29268293,9.993525284615277,0.38893993667593585,136.33918162035687,0.18518519,0.42962963,0.38518519,0.54744526,0.15328467,0.29927007,0.11826698,854,"sa873690"
2021,"Corey Bird","MIA","AAA",25,61,218,0.26701571,0.12385321,0.18348624,0.17801047,0.31034483,3.766249754714284,0.3540327733013487,113.38100253989339,0.21088435,0.3537415,0.43537415,0.43333333,0.21333333,0.35333333,0.10625,800,"sa874209"
2021,"Nathan Lukes","TBR","AAA",26,52,193,0.31976744,0.07772021,0.11917098,0.18604651,0.34459459,7.882212750044098,0.38178284497310716,131.63201618140107,0.18,0.46,0.36,0.41176471,0.16339869,0.4248366,0.06726457,669,"sa875215"
2021,"Gabriel Cancel","KCR","AAA",24,51,202,0.24193548,0.07425743,0.28712871,0.27419355,0.27586207,1.9201020794685657,0.34488141536712646,107.36222318424258,0.22047244,0.36220472,0.41732283,0.44274809,0.28244275,0.27480916,0.1684492,748,"sa875231"
2021,"Brantley Bell","CIN","AAA",26,51,165,0.20134228,0.07878788,0.20606061,0.0671141,0.25862069,-11.562580209851946,0.25116269299478244,45.724123624915066,0.18965517,0.52586207,0.28448276,0.39655172,0.24137931,0.36206897,0.07898894,633,"sa875352"
2021,"Drew Ferguson","NYM","AAA",28,36,116,0.18556701,0.15517241,0.3362069,0.05154639,0.29824561,-6.3167461371570806,0.2695592636647432,57.823409934006534,0.18181818,0.43636364,0.38181818,0.34482759,0.32758621,0.32758621,0.12240664,482,"sa875766"
2021,"Dalton Kelly","TBR","AAA",26,60,245,0.25603865,0.13877551,0.28571429,0.24637681,0.32258065,9.776237041279565,0.3806788386380086,130.90591950963278,0.18248175,0.33576642,0.48175182,0.46043165,0.30215827,0.23741007,0.13379584,1009,"sa876363"
2021,"Nash Knight","TOR","AAA",28,37,131,0.20535714,0.14503817,0.3129771,0.14285715,0.28358209,-3.0011676803214677,0.30670800554843347,82.25585835806191,0.1884058,0.37681159,0.43478261,0.53521127,0.1971831,0.26760563,0.09773124,573,"sa876814"
2021,"Juan Yepez","STL","AAA",23,45,163,0.24822695,0.11042945,0.22699387,0.24822695,0.27368421,4.848997532487332,0.36872040932895217,123.04095040136514,0.13861386,0.38613861,0.47524752,0.51923077,0.28846154,0.19230769,0.12139605,659,"sa877505"
2021,"Armando Alvarez","NYY","AAA",26,59,227,0.24137931,0.09251101,0.14977974,0.19211823,0.25609756,-1.823417357935881,0.32422778168610766,93.77848349096452,0.24096386,0.42771084,0.3313253,0.51461988,0.21637427,0.26900585,0.06326304,901,"sa913279"
2021,"Brett Cumberland","BAL","AAA",26,55,231,0.20555556,0.11255411,0.2987013,0.17777777,0.2745098,4.474638021884097,0.356499169812058,115.00313299399716,0.2,0.28181818,0.51818182,0.47321429,0.16964286,0.35714286,0.13254204,1011,"sa915611"
2021,"Brian Miller","MIA","AAA",25,66,253,0.24669604,0.07114625,0.19762846,0.07929515,0.31073446,-9.901111680979973,0.2876005912980726,69.68905556698371,0.20231214,0.46820809,0.32947977,0.33695652,0.21195652,0.45108696,0.12143611,947,"sa915826"
2021,"Kevin Smith","TOR","AAA",24,66,283,0.29045643,0.12720848,0.23321555,0.30705394,0.325,19.525081902911705,0.4149366856044066,153.4370480669953,0.26162791,0.3372093,0.40116279,0.51123596,0.24157303,0.24719101,0.11710037,1076,"sa915864"
2021,"Josh Lowe","TBR","AAA",23,62,264,0.28138528,0.10606061,0.27272727,0.27272727,0.34228188,11.857344494367423,0.3865802073569009,134.7872053767855,0.22360248,0.32919255,0.44720497,0.38650307,0.28220859,0.33128834,0.14336918,1116,"sa917926"
2021,"Blake Rutherford","CHW","AAA",24,62,265,0.24193548,0.05283019,0.26792453,0.13306452,0.31609195,-9.941853943616886,0.28950648510231164,70.94254760231536,0.16091954,0.49425287,0.34482759,0.41899441,0.23463687,0.34636872,0.16911765,952,"sa917932"
2021,"Nolan Jones","CLE","AAA",23,69,276,0.22510823,0.14130435,0.31521739,0.21212121,0.31617647,3.511328733707236,0.348669593748839,109.85367964384744,0.1862069,0.45517241,0.35862069,0.37931034,0.27586207,0.34482759,0.13068652,1209,"sa917941"
2021,"Jose Miranda","MIN","AAA",23,24,113,0.33663366,0.09734513,0.15929204,0.31683169,0.34210526,10.506014486210537,0.44317695261102863,172.01045949721586,0.2875,0.375,0.3375,0.42857143,0.27380952,0.29761905,0.07623318,446,"sa917952"
2021,"Conner Capel","STL","AAA",24,62,214,0.26344086,0.12149533,0.20093458,0.22043011,0.30147059,5.503534205971885,0.3639733340818557,119.91883467795984,0.21527778,0.34027778,0.44444444,0.40277778,0.22916667,0.36805556,0.0954023,870,"sa918012"
2021,"Darick Hall","PHI","AAA",25,69,263,0.20179372,0.11406844,0.20152091,0.15246637,0.23030303,-7.00373091100458,0.3023266150576858,79.3742507513764,0.1547619,0.42261905,0.42261905,0.38953488,0.22093023,0.38953488,0.1099325,1037,"sa918293"
2021,"Cooper Hummel","MIL","AAA",26,45,164,0.2601626,0.24390244,0.14634146,0.2601626,0.27659574,11.878015934743527,0.41898035856843724,156.09654139376124,0.26530612,0.40816327,0.32653061,0.47,0.24,0.29,0.07246377,690,"sa918412"
2021,"Yariel Gonzalez","DET","AAA",27,58,228,0.28571429,0.0877193,0.18421053,0.23152709,0.29605263,6.744091010637093,0.36852126473372204,122.90997449733254,0.23636364,0.35151515,0.41212121,0.46060606,0.23636364,0.3030303,0.12629162,871,"sa920278"
2021,"Alfredo Rodriguez","CIN","AAA",27,68,256,0.26200873,0.0703125,0.1796875,0.06113537,0.3172043,-9.340386384586576,0.29072009857464215,71.74073206472032,0.23369565,0.52173913,0.24456522,0.41489362,0.20212766,0.38297872,0.13066955,926,"sa922180"
2021,"TJ Friedl","CIN","AAA",25,70,273,0.26637555,0.12454212,0.15018315,0.1441048,0.30434783,4.835275421491232,0.354545349544949,113.71812008412599,0.2,0.44864865,0.35135135,0.47643979,0.2408377,0.28272251,0.07312441,1053,"sa943754"